{"n_std": 1.5, "mean_train": 13.88888888888889, "std_train": 20.212451852176255, "lower_limit": -28.31867777826438, "upper_limit": 37.31867777826438, "trained": true}